Individual,Site,Event,Season,Year,Age,Fat,PlasmaDetection,Species,PercentAg,Julian,Uric,MigStatus,SPEI,BCI,EnvDetection,FatteningIndex,time_hours,AnnualSnowfall_in,PrecipitationAmount_7days,DaysSinceLastPrecipitation_5mm
109471921,Sewage,Fall 2021,Fall,2021,NA,0,N,Willet,60.1335428,196,NA,Resident,-1.51,0.104763951,Y,NA,16.33333333,17.7,1,7
123200535,Sewage,Fall 2021,Fall,2021,NA,0,Y,Killdeer,60.1335428,196,NA,Resident,-1.51,-0.02721334,Y,NA,12.75,17.7,1,7
109471919,Sewage,Fall 2021,Fall,2021,NA,4,Y,Willet,60.1335428,197,NA,Resident,-1.51,0.293596131,Y,NA,14.15,17.7,1,7
109471920,Sewage,Fall 2021,Fall,2021,NA,2,N,Willet,60.1335428,197,NA,Resident,-1.51,0.163546002,Y,NA,13.9,17.7,1,7
123200533,Sewage,Fall 2021,Fall,2021,Adult,3,N,Lesser Yellowlegs,60.1335428,197,NA,Migratory,-1.51,0.209637493,Y,NA,12.26666667,17.7,1,7
123200534,Sewage,Fall 2021,Fall,2021,Adult,3,Y,Lesser Yellowlegs,60.1335428,197,NA,Migratory,-1.51,0.058726821,Y,NA,10.7,17.7,1,7
258116700,Sewage,Fall 2021,Fall,2021,NA,0,N,Semipalmated Sandpiper,60.1335428,197,NA,Migratory,-1.51,-0.153481664,Y,NA,14.41666667,17.7,1,7
123200527,Pelican,Fall 2021,Fall,2021,Adult,1,Y,Lesser Yellowlegs,78.0235988,198,NA,Migratory,-1.51,0.16734599,Y,NA,12.66666667,17.7,0.85,1
123200528,Pelican,Fall 2021,Fall,2021,NA,0,N,Pectoral Sandpiper,78.0235988,198,NA,Migratory,-1.51,0.161067237,Y,NA,11.5,17.7,0.85,1
123200529,Pelican,Fall 2021,Fall,2021,NA,0,N,Killdeer,78.0235988,198,NA,Resident,-1.51,-0.046601542,Y,NA,10.71666667,17.7,0.85,1
123200530,Pelican,Fall 2021,Fall,2021,Adult,0,N,Lesser Yellowlegs,78.0235988,198,NA,Migratory,-1.51,-0.130383052,Y,NA,9.966666667,17.7,0.85,1
123200531,Pelican,Fall 2021,Fall,2021,Adult,0,Y,Lesser Yellowlegs,78.0235988,198,NA,Migratory,-1.51,0.036277989,Y,NA,8.833333333,17.7,0.85,1
123200532,Pelican,Fall 2021,Fall,2021,NA,0,N,Killdeer,78.0235988,198,NA,Resident,-1.51,0.24867718,Y,NA,8.083333333,17.7,0.85,1
123200524,Buffalo,Fall 2021,Fall,2021,Adult,0,N,Lesser Yellowlegs,3.7494067,199,NA,Migratory,-1.56,-0.051137435,N,NA,11.41666667,13.5,0.09,9
123200525,Buffalo,Fall 2021,Fall,2021,Adult,0,N,Lesser Yellowlegs,3.7494067,199,991,Migratory,-1.56,-0.053812343,N,-0.359114039,10.55,13.5,0.09,9
123200526,Buffalo,Fall 2021,Fall,2021,Adult,1,N,Lesser Yellowlegs,3.7494067,199,NA,Migratory,-1.56,0.159201826,N,NA,9.75,13.5,0.09,9
123200521,Church,Fall 2021,Fall,2021,Adult,2,Y,Lesser Yellowlegs,52.681628,200,NA,Migratory,-1.75,0.242623684,N,NA,10.68333333,10.6,0,14
123200522,Church,Fall 2021,Fall,2021,Adult,0,Y,Lesser Yellowlegs,52.681628,200,NA,Migratory,-1.75,0.008444448,N,NA,9.166666667,10.6,0,14
123200523,Church,Fall 2021,Fall,2021,Adult,2,N,Lesser Yellowlegs,52.681628,200,NA,Migratory,-1.75,0.212277178,N,NA,9.166666667,10.6,0,14
123200520,Silver,Fall 2021,Fall,2021,NA,2,N,Pectoral Sandpiper,65.7703007,201,NA,Migratory,-1.75,0.364837317,N,NA,13.5,23.5,0,15
123200517,Silver,Fall 2021,Fall,2021,Adult,4,N,Lesser Yellowlegs,65.7703007,202,NA,Migratory,-1.75,0.417392646,N,NA,17.5,23.5,0,15
123200518,Silver,Fall 2021,Fall,2021,NA,2,N,Pectoral Sandpiper,65.7703007,202,1420,Migratory,-1.75,0.292711257,N,0.5960438,13.08333333,23.5,0,15
123200519,Silver,Fall 2021,Fall,2021,NA,1,N,Pectoral Sandpiper,65.7703007,202,NA,Migratory,-1.75,0.099390151,N,NA,10,23.5,0,15
123200516,Jared,Fall 2021,Fall,2021,NA,0,N,Killdeer,73.0084349,206,NA,Resident,-1.51,0.020123683,Y,NA,11.05,17.7,0.02,9
256178420,Jared,Fall 2021,Fall,2021,NA,0,Y,Pectoral Sandpiper,73.0084349,206,NA,Migratory,-1.51,-0.092598842,Y,NA,7.833333333,17.7,0.02,9
256178430,Jared,Fall 2021,Fall,2021,NA,0,N,Pectoral Sandpiper,73.0084349,206,NA,Migratory,-1.51,-0.184203214,Y,NA,7.666666667,17.7,0.02,9
123200515,Jared,Fall 2021,Fall,2021,Adult,0,Y,Lesser Yellowlegs,73.0084349,207,1090,Migratory,-1.51,0.041923104,Y,-0.330624748,6.116666667,17.7,0.02,9
109471918,Freeman1,Spring 2022,Spring,2022,NA,3,Y,Marbled Godwit,23.2023011,113,NA,Resident,2.07,-1.06E-16,N,NA,16.83333333,65.3,1.11,2
123200501,Freeman2,Spring 2022,Spring,2022,Adult,1,Y,Lesser Yellowlegs,15.8898305,113,NA,Migratory,2.07,0.049353928,N,NA,15.88333333,65.3,1.11,2
123200502,Freeman1,Spring 2022,Spring,2022,NA,0,Y,Wilsons Phalarope,23.2023011,114,NA,Resident,2.07,-0.208060657,N,NA,11.66666667,65.3,1.11,2
109471916,Freeman3,Spring 2022,Spring,2022,NA,0,N,American Avocet,24.6948357,115,NA,Resident,2.07,0.165477084,N,NA,12.66666667,65.3,1.11,2
109471917,Freeman3,Spring 2022,Spring,2022,NA,1,Y,Greater Yellowlegs,24.6948357,115,NA,Migratory,2.07,0.213219849,N,NA,11.33333333,65.3,1.11,2
123200503,Freeman3,Spring 2022,Spring,2022,Adult,0,Y,Lesser Yellowlegs,24.6948357,115,NA,Migratory,2.07,0.079443141,N,NA,15.5,65.3,1.11,2
123200504,Freeman3,Spring 2022,Spring,2022,Adult,0,Y,Lesser Yellowlegs,24.6948357,115,NA,Migratory,2.07,0.074865742,N,NA,16.08333333,65.3,1.11,2
123200505,WoodLake1,Spring 2022,Spring,2022,Adult,1,Y,Lesser Yellowlegs,46.346783,116,NA,Migratory,1,-0.009080645,Y,NA,14.08333333,65.3,0.6,6
123200506,WoodLake1,Spring 2022,Spring,2022,Adult,0,Y,Lesser Yellowlegs,46.346783,116,NA,Migratory,1,0.009358302,Y,NA,16.26666667,65.3,0.6,6
123200507,WoodLake1,Spring 2022,Spring,2022,Adult,0,Y,Lesser Yellowlegs,46.346783,116,644,Migratory,1,0.113566569,Y,-0.149269563,16.26666667,65.3,0.6,6
123200508,WoodLake2,Spring 2022,Spring,2022,Adult,0,Y,Lesser Yellowlegs,44.6391753,116,NA,Migratory,1,0.053525974,Y,NA,17.91666667,65.3,0.6,6
123200509,WoodLake2,Spring 2022,Spring,2022,Adult,0,Y,Lesser Yellowlegs,44.6391753,117,534,Migratory,1,-0.15448271,Y,0.257807198,12.75,65.3,0.6,6
123200510,WoodLake2,Spring 2022,Spring,2022,Adult,0,Y,Lesser Yellowlegs,44.6391753,117,NA,Migratory,1,-0.062484109,Y,NA,12.75,65.3,0.6,6
123200511,WoodLake2,Spring 2022,Spring,2022,Adult,0,Y,Lesser Yellowlegs,44.6391753,117,NA,Migratory,1,-0.016797103,Y,NA,14.5,65.3,0.6,6
123200512,WoodLake2,Spring 2022,Spring,2022,Adult,0,Y,Lesser Yellowlegs,44.6391753,117,1137,Migratory,1,-0.026918353,Y,-1.023621059,15.5,65.3,0.6,6
123200513,Bieber,Spring 2022,Spring,2022,NA,0,Y,Wilsons Phalarope,59.9832916,120,1473,Resident,2.22,-0.019353314,N,1.093284834,17,28,1.83,4
123200514,Bieber,Spring 2022,Spring,2022,NA,0,Y,Wilsons Phalarope,59.9832916,120,1354,Resident,2.22,-0.004623475,N,NA,17.5,28,1.83,4
123200536,Bieber,Spring 2022,Spring,2022,NA,0,Y,Wilsons Phalarope,59.9832916,120,1170,Resident,2.22,-0.036252439,N,1.259581809,18,28,1.83,4
123200537,Stan,Spring 2022,Spring,2022,NA,0,Y,Wilsons Phalarope,27.7207392,121,1483,Resident,2.22,-0.143439837,N,-0.846962273,14.33333333,25.4,1.8,0
123200538,Stan,Spring 2022,Spring,2022,NA,3,Y,Wilsons Phalarope,27.7207392,121,614,Resident,2.22,0.152482465,N,-0.789660687,14.83333333,25.4,1.8,0
258116698,Stan,Spring 2022,Spring,2022,NA,0,Y,Semipalmated Sandpiper,27.7207392,121,63,Migratory,2.22,0.138397008,N,-0.241176221,12.5,25.4,1.8,0
258116699,Stan,Spring 2022,Spring,2022,NA,0,Y,Semipalmated Sandpiper,27.7207392,121,1389,Migratory,2.22,0.088183219,N,-0.241879855,12.25,25.4,1.8,0
SEPA1,Stan,Spring 2022,Spring,2022,NA,0,Y,Semipalmated Sandpiper,27.7207392,121,NA,Migratory,2.22,0.151050497,N,NA,13.5,25.4,1.8,0
123200539,Bieber,Spring 2022,Spring,2022,NA,0,Y,Wilsons Phalarope,59.9832916,122,1156,Resident,2.22,0.101144713,N,-0.501467999,16.5,28,1.83,4
123200540,Bieber,Spring 2022,Spring,2022,NA,0,Y,Wilsons Phalarope,59.9832916,123,478,Resident,2.22,0.057125128,N,-1.312910124,13.25,28,1.83,4
123200541,Bieber,Spring 2022,Spring,2022,NA,0,Y,Wilsons Phalarope,59.9832916,123,547,Resident,2.22,-0.023379353,N,0.728358953,14.75,28,1.83,4
123200542,Bieber,Spring 2022,Spring,2022,NA,0,Y,Wilsons Phalarope,59.9832916,123,716,Resident,2.22,-0.023634714,N,-0.621355952,15.33333333,28,1.83,4
123200543,Bieber,Spring 2022,Spring,2022,NA,0,Y,Wilsons Phalarope,59.9832916,123,NA,Resident,2.22,0.013787087,N,NA,15.33333333,28,1.83,4
123200544,Bieber,Spring 2022,Spring,2022,NA,0,Y,Wilsons Phalarope,59.9832916,123,651,Resident,2.22,0.061478407,N,-2.686891047,15.33333333,28,1.83,4
1232-00547,RoadWPA,Spring 2023,Spring,2023,NA,0,Y,Killdeer,36.0244233,114,620,Resident,1.78,0.047377069,Y,0.717201011,17.78333333,72,0.47,4
1603-40801,RoadWPA,Spring 2023,Spring,2023,NA,1,N,Greater Yellowlegs,36.0244233,114,593,Migratory,1.78,-0.213219849,Y,0.914202788,16.16666667,72,0.47,4
1232-00548,RoadWPA,Spring 2023,Spring,2023,NA,0,N,Killdeer,36.0244233,115,1473,Resident,1.78,-0.003560426,Y,0.386141697,16.5,72,0.47,4
1232-00549,Huesers,Spring 2023,Spring,2023,NA,0,N,Killdeer,75.1006711,120,795,Resident,0.56,0.316023297,Y,3.506807205,16.66666667,76.8,0.48,3
1094-71901,Huesers,Spring 2023,Spring,2023,NA,1,N,Willet,75.1006711,121,NA,Resident,0.56,-0.192138639,Y,NA,16.5,76.8,0.48,3
1232-00550,Huesers,Spring 2023,Spring,2023,NA,0,N,Longbilled Dowitcher,75.1006711,122,405,Migratory,0.56,-0.05793774,Y,0.258488075,12.5,76.8,0.48,3
1094-71902,RoadWPA,Spring 2023,Spring,2023,NA,0,Y,Willet,36.0244233,123,1232,Resident,1.78,-0.215347318,Y,-0.382376176,14.5,72,0.47,4
1094-71903,RoadWPA,Spring 2023,Spring,2023,NA,1,Y,Willet,36.0244233,123,996,Resident,1.78,0.079723646,Y,0.673746005,17.83333333,72,0.47,4
1232-00551,RoadWPA,Spring 2023,Spring,2023,NA,0,N,Longbilled Dowitcher,36.0244233,123,1103,Migratory,1.78,-0.042062696,Y,0.550904037,10.25,72,0.47,4
1232-00552,RoadWPA,Spring 2023,Spring,2023,NA,0,N,Longbilled Dowitcher,36.0244233,123,660,Migratory,1.78,-0.099723398,Y,1.415782349,17.83333333,72,0.47,4
1232-00553,RoadWPA,Spring 2023,Spring,2023,NA,0,N,Longbilled Dowitcher,36.0244233,123,1439,Migratory,1.78,0.124712709,Y,1.565163473,19.5,72,0.47,4
1232-00554,RoadWPA,Spring 2023,Spring,2023,NA,0,N,Longbilled Dowitcher,36.0244233,123,1322,Migratory,1.78,0.028154327,Y,1.527581629,20.66666667,72,0.47,4
1232-00555,Huesers,Spring 2023,Spring,2023,NA,1,N,Longbilled Dowitcher,75.1006711,128,1332,Migratory,0.56,0.046856798,Y,1.494015307,14.78333333,76.8,0.48,3
1232-00556,Huesers,Spring 2023,Spring,2023,NA,0,N,Wilsons Phalarope,75.1006711,128,843,Resident,0.56,0.039646044,Y,-0.201078618,16.75,76.8,0.48,3
1094-71904,Huesers,Spring 2023,Spring,2023,NA,0,Y,Willet,75.1006711,129,NA,Resident,0.56,-0.140245566,Y,NA,11.58333333,76.8,0.48,3
1232-00557,Huesers,Spring 2023,Spring,2023,NA,0,N,Wilsons Phalarope,75.1006711,129,409,Resident,0.56,-0.29928572,Y,-0.892102037,14,76.8,0.48,3
1232-00558,Huesers,Spring 2023,Spring,2023,NA,0,N,Killdeer,75.1006711,129,389,Resident,0.56,-0.061461951,Y,-0.605236233,18.36666667,76.8,0.48,3
1341-36533,Huesers,Spring 2023,Spring,2023,NA,0,N,Least Sandpiper,75.1006711,129,NA,Migratory,0.56,-0.149201125,Y,NA,16.25,76.8,0.48,3
1094-71905,Huesers,Spring 2023,Spring,2023,NA,1,N,Willet,75.1006711,130,499,Resident,0.56,0.261469072,Y,3.6335722,11.28333333,76.8,0.48,3
1232-00559,Huesers,Spring 2023,Spring,2023,NA,0,N,Killdeer,75.1006711,130,504,Resident,0.56,0.105204471,Y,0.065974948,15.3,76.8,0.48,3
1341-36534,Huesers,Spring 2023,Spring,2023,NA,0,N,Least Sandpiper,75.1006711,130,NA,Migratory,0.56,0.035044159,Y,NA,9.916666667,76.8,0.48,3
1341-36535,Huesers,Spring 2023,Spring,2023,NA,1,N,Least Sandpiper,75.1006711,130,1233,Migratory,0.56,-0.099640527,Y,-2.185461609,16.96666667,76.8,0.48,3
1341-36536,Huesers,Spring 2023,Spring,2023,NA,0,N,Least Sandpiper,75.1006711,130,NA,Migratory,0.56,0.433443884,Y,NA,18.5,76.8,0.48,3
1094-71906,Virgil,Spring 2023,Spring,2023,NA,0,Y,American Avocet,84.8765432,136,281,Resident,0.52,0.067114641,N,-0.468847931,4.833333333,83,1.43,5
1232-00560,Virgil,Spring 2023,Spring,2023,NA,0,N,Shortbilled Dowitcher,84.8765432,136,374,Migratory,0.52,-1.82E-17,N,0.360398671,6,83,1.43,5
1232-00561,Virgil,Spring 2023,Spring,2023,NA,0,N,Wilsons Phalarope,84.8765432,136,872,Resident,0.52,0.135687451,N,-1.248165873,7.5,83,1.43,5
1232-00562,Virgil,Spring 2023,Spring,2023,NA,0,Y,Wilsons Phalarope,84.8765432,136,816,Resident,0.52,-0.042749264,N,-0.136369236,7.5,83,1.43,5
1341-36537,Virgil,Spring 2023,Spring,2023,NA,0,N,Semipalmated Sandpiper,84.8765432,136,784,Migratory,0.52,-0.246424614,N,-1.352614984,6.25,83,1.43,5
1341-36538,Virgil,Spring 2023,Spring,2023,NA,0,N,Semipalmated Sandpiper,84.8765432,136,763,Migratory,0.52,-0.129890797,N,NA,6.25,83,1.43,5
1094-71907,Virgil,Spring 2023,Spring,2023,NA,0,Y,American Avocet,84.8765432,137,NA,Resident,0.52,-0.263646393,N,NA,4.833333333,83,1.43,5
1232-00563,Virgil,Spring 2023,Spring,2023,NA,0,N,Wilsons Phalarope,84.8765432,137,901,Resident,0.52,0.222797821,N,2.423084359,0.8,83,1.43,5
1341-36539,Virgil,Spring 2023,Spring,2023,NA,0,Y,Semipalmated Sandpiper,84.8765432,137,NA,Migratory,0.52,-0.519379413,N,NA,3.333333333,83,1.43,5
1341-36540,Virgil,Spring 2023,Spring,2023,NA,0,N,Semipalmated Sandpiper,84.8765432,137,NA,Migratory,0.52,0.077800774,N,NA,4.5,83,1.43,5
1341-36541,Virgil,Spring 2023,Spring,2023,NA,0,Y,Least Sandpiper,84.8765432,137,NA,Migratory,0.52,0.19256287,N,NA,5.5,83,1.43,5
1341-36542,Virgil,Spring 2023,Spring,2023,NA,0,Y,Semipalmated Sandpiper,84.8765432,137,NA,Migratory,0.52,0.041299633,N,NA,6.333333333,83,1.43,5
1341-36543,Virgil,Spring 2023,Spring,2023,NA,0,NA,Least Sandpiper,84.8765432,137,NA,Migratory,0.52,0.162645766,N,NA,6.666666667,83,1.43,5
1341-36544,Virgil,Spring 2023,Spring,2023,NA,0,Y,Least Sandpiper,84.8765432,137,NA,Migratory,0.52,0.095140757,N,NA,7.75,83,1.43,5
1341-36545,Virgil,Spring 2023,Spring,2023,NA,0,Y,Semipalmated Sandpiper,84.8765432,137,NA,Migratory,0.52,-0.212711167,N,NA,7.75,83,1.43,5
1232-00564,Lodge,Fall 2023,Fall,2023,Adult,0,Y,Lesser Yellowlegs,6.9126074,192,NA,Migratory,-1.67,-0.042456524,N,NA,11.33333333,31.3,0.17,18
1232-00565,Lodge,Fall 2023,Fall,2023,NA,0,N,Pectoral Sandpiper,6.9126074,192,1595,Migratory,-1.67,-0.009117271,N,0.907175623,14,31.3,0.17,18
1341-36546,Lodge,Fall 2023,Fall,2023,NA,3,N,Least Sandpiper,6.9126074,192,NA,Migratory,-1.67,-0.199383943,N,NA,12.75,31.3,0.17,18
1094-71908,Lodge,Fall 2023,Fall,2023,NA,0,N,Willet,6.9126074,193,NA,Resident,-1.67,-0.094830555,N,NA,10.66666667,31.3,0.17,18
1232-00566,Lodge,Fall 2023,Fall,2023,Adult,0,N,Lesser Yellowlegs,6.9126074,193,1093,Migratory,-1.67,0.061879676,N,0.499740989,11,31.3,0.17,18
1232-00568,Brandon,Fall 2023,Fall,2023,NA,2,NA,Killdeer,21.5455476,196,NA,Resident,-1.51,-0.104432697,Y,NA,5.916666667,52.3,0.18,13
1232-00569,Brandon,Fall 2023,Fall,2023,NA,0,Y,Pectoral Sandpiper,21.5455476,196,NA,Migratory,-1.51,-0.070461409,Y,NA,5.983333333,52.3,0.18,13
1341-36547,Brandon,Fall 2023,Fall,2023,NA,3,N,Semipalmated Sandpiper,21.5455476,196,NA,Migratory,-1.51,-0.215103242,Y,NA,4.5,52.3,0.18,13
1232-00570,Brandon,Fall 2023,Fall,2023,Adult,3,N,Lesser Yellowlegs,21.5455476,198,NA,Migratory,-1.51,-0.101632202,Y,1.136001337,10.83333333,52.3,0.18,13
1094-71909,USWPA,Fall 2023,Fall,2023,NA,0,N,Willet,28.1001833,199,857,Resident,-1.42,-0.260536724,Y,0.09505262,16.75,52.3,0.18,13
1232-00571,USWPA,Fall 2023,Fall,2023,NA,4,Y,Wilsons Phalarope,28.1001833,199,826,Resident,-1.42,0.154845604,Y,0.573900797,16.58333333,52.3,0.18,13
1341-36549,Hanson,Fall 2023,Fall,2023,NA,2,N,Semipalmated Sandpiper,64.1634456,201,NA,Migratory,-1.51,-0.244972029,N,NA,3.333333333,52.3,0.18,13
1341-36551,Hanson,Fall 2023,Fall,2023,NA,3,NA,Least Sandpiper,64.1634456,201,NA,Migratory,-1.51,-0.079413954,N,NA,4.916666667,52.3,0.18,13
1341-36552,Hanson,Fall 2023,Fall,2023,NA,2,N,Least Sandpiper,64.1634456,201,NA,Migratory,-1.51,-0.255971806,N,NA,6,52.3,0.18,13
1232-00573,Richard,Fall 2023,Fall,2023,NA,0,N,Pectoral Sandpiper,39.1171994,208,1462,Migratory,-1.32,-0.284058044,N,-0.13261909,9.533333333,42.1,0.26,7
1232-00574,Richard,Fall 2023,Fall,2023,Juvenile,3,N,Lesser Yellowlegs,39.1171994,208,1686,Migratory,-1.32,-0.100463357,N,0.461570763,11.25,42.1,0.26,7
1232-00575,Richard,Fall 2023,Fall,2023,Juvenile,1,N,Lesser Yellowlegs,39.1171994,208,NA,Migratory,-1.32,-0.079445268,N,NA,13.5,42.1,0.26,7
1232-00576,Richard,Fall 2023,Fall,2023,Juvenile,1,Y,Lesser Yellowlegs,39.1171994,209,1698,Migratory,-1.32,-0.065670762,N,0.134849976,20.03333333,42.1,0.26,7
1232-00577,Richard,Fall 2023,Fall,2023,Adult,3,N,Lesser Yellowlegs,39.1171994,209,NA,Migratory,-1.32,0.007358082,N,NA,21.86666667,42.1,0.26,7
1232-00578,Richard,Fall 2023,Fall,2023,Juvenile,0,N,Lesser Yellowlegs,39.1171994,210,NA,Migratory,-1.32,-0.16945052,N,NA,19.4,42.1,0.26,7
1232-00579,Richard,Fall 2023,Fall,2023,Adult,3,N,Lesser Yellowlegs,39.1171994,210,1742,Migratory,-1.32,0.007088305,N,0.956388536,21.33333333,42.1,0.26,7
1232-00580,Uhlich,Fall 2023,Fall,2023,NA,0,N,Wilsons Phalarope,56.7768038,215,1273,Resident,-0.26,-0.138215947,N,-0.057663151,8.7,72,1.15,4
1232-00581,Uhlich,Fall 2023,Fall,2023,Juvenile,1,N,Lesser Yellowlegs,56.7768038,218,815,Migratory,-0.26,-0.271406427,N,-1.719398504,5.25,72,1.15,4
1232-00582,Uhlich,Fall 2023,Fall,2023,Adult,3,N,Lesser Yellowlegs,56.7768038,218,587,Migratory,-0.26,-0.047772692,N,-0.446497178,5.5,72,1.15,4
1232-00583,Uhlich,Fall 2023,Fall,2023,Adult,4,Y,Lesser Yellowlegs,56.7768038,218,NA,Migratory,-0.26,0.170963512,N,NA,5.75,72,1.15,4
1341-36553,Uhlich,Fall 2023,Fall,2023,NA,1,N,Least Sandpiper,56.7768038,218,NA,Migratory,-0.26,-0.371048512,N,NA,3.75,72,1.15,4
1341-36554,Uhlich,Fall 2023,Fall,2023,NA,3,N,Semipalmated Sandpiper,56.7768038,218,NA,Migratory,-0.26,0.029227052,N,NA,4,72,1.15,4
1341-36555,Uhlich,Fall 2023,Fall,2023,NA,4,N,Semipalmated Sandpiper,56.7768038,218,1272,Migratory,-0.26,0.340112832,N,-0.470497819,4.5,72,1.15,4
1094-71910,Uhlich,Fall 2023,Fall,2023,NA,0,N,American Avocet,56.7768038,219,918,Resident,-0.26,0.031054668,N,-1.135512835,5.25,72,1.15,4
1232-00584,Uhlich,Fall 2023,Fall,2023,Adult,4,N,Lesser Yellowlegs,56.7768038,219,451,Migratory,-0.26,0.252445796,N,-0.089637211,4.25,72,1.15,4
1341-36556,Uhlich,Fall 2023,Fall,2023,NA,3,N,Least Sandpiper,56.7768038,219,NA,Migratory,-0.26,-0.283945658,N,NA,4.666666667,72,1.15,4
1341-36557,Uhlich,Fall 2023,Fall,2023,NA,0,N,Least Sandpiper,56.7768038,219,NA,Migratory,-0.26,-0.091041992,N,NA,5.75,72,1.15,4
1341-36558,Uhlich,Fall 2023,Fall,2023,NA,5,N,Semipalmated Sandpiper,56.7768038,219,970,Migratory,-0.26,0.506695489,N,-0.88206323,6.5,72,1.15,4
1341-36559,Uhlich,Fall 2023,Fall,2023,NA,3,Y,Semipalmated Sandpiper,56.7768038,219,956,Migratory,-0.26,0.081350446,N,-1.086357549,6.75,72,1.15,4
1341-36560,Uhlich,Fall 2023,Fall,2023,NA,0,N,Least Sandpiper,56.7768038,220,NA,Migratory,-0.26,-0.06125062,N,NA,4.166666667,72,1.15,4
1341-36561,Uhlich,Fall 2023,Fall,2023,NA,2,N,Semipalmated Sandpiper,56.7768038,220,NA,Migratory,-0.26,-0.012315719,N,NA,5.25,72,1.15,4
1341-36562,Uhlich,Fall 2023,Fall,2023,NA,2,N,Least Sandpiper,56.7768038,220,NA,Migratory,-0.26,0.055561482,N,NA,5.5,72,1.15,4
1341-36563,Uhlich,Fall 2023,Fall,2023,NA,2,N,Least Sandpiper,56.7768038,220,NA,Migratory,-0.26,0.003867243,N,NA,5.583333333,72,1.15,4
1341-36564,Uhlich,Fall 2023,Fall,2023,NA,3,N,Semipalmated Sandpiper,56.7768038,220,NA,Migratory,-0.26,0.042710043,N,NA,5.75,72,1.15,4
1341-36565,Uhlich,Fall 2023,Fall,2023,NA,2,N,Least Sandpiper,56.7768038,220,NA,Migratory,-0.26,-0.037164153,N,NA,6.25,72,1.15,4
1341-36566,Uhlich,Fall 2023,Fall,2023,NA,0,N,Least Sandpiper,56.7768038,220,834,Migratory,-0.26,-0.046461882,N,NA,7.75,72,1.15,4
1341-36567,Uhlich,Fall 2023,Fall,2023,NA,0,N,Least Sandpiper,56.7768038,220,NA,Migratory,-0.26,-0.135070811,N,NA,7.75,72,1.15,4
1232-00585,Uhlich,Fall 2023,Fall,2023,Juvenile,0,N,Lesser Yellowlegs,56.7768038,221,903,Migratory,-0.26,-0.136597381,N,-0.058667032,17.96666667,72,1.15,4
1232-00586,Uhlich,Fall 2023,Fall,2023,Adult,4,N,Lesser Yellowlegs,56.7768038,221,1331,Migratory,-0.26,0.060234166,N,0.940741944,19.41666667,72,1.15,4
1232-00587,Uhlich,Fall 2023,Fall,2023,Adult,4,N,Lesser Yellowlegs,56.7768038,221,1401,Migratory,-0.26,-0.014867255,N,0.708581584,21.75,72,1.15,4
1341-36568,Uhlich,Fall 2023,Fall,2023,NA,3,N,Least Sandpiper,56.7768038,221,NA,Migratory,-0.26,-0.238544669,N,NA,20.3,72,1.15,4
PESA1,Uhlich,Fall 2023,Fall,2023,NA,0,NA,Pectoral Sandpiper,56.7768038,221,NA,Migratory,-0.26,-0.19744232,N,NA,22,72,1.15,4
1232-00588,Glinz,Fall 2023,Fall,2023,NA,0,Y,Killdeer,67.6997245,228,384,Resident,-0.52,-0.146028506,Y,-1.189272025,4.166666667,91.1,0.02,15
1232-00589,Glinz,Fall 2023,Fall,2023,Adult,2,N,Lesser Yellowlegs,67.6997245,228,498,Migratory,-0.52,-0.046226164,Y,-0.951619135,5.25,91.1,0.02,15
1232-00590,Glinz,Fall 2023,Fall,2023,NA,4,N,Pectoral Sandpiper,67.6997245,228,788,Migratory,-0.52,0.310271719,Y,1.233838783,5.75,91.1,0.02,15
1341-36569,Glinz,Fall 2023,Fall,2023,NA,2,N,Least Sandpiper,67.6997245,228,NA,Migratory,-0.52,0.09030443,Y,NA,4.5,91.1,0.02,15
1341-36570,Glinz,Fall 2023,Fall,2023,NA,3,NA,Least Sandpiper,67.6997245,228,NA,Migratory,-0.52,0.014318523,Y,NA,4.75,91.1,0.02,15
1341-36571,Glinz,Fall 2023,Fall,2023,NA,5,N,Least Sandpiper,67.6997245,228,1272,Migratory,-0.52,0.303546505,Y,-0.946865108,4.833333333,91.1,0.02,15
1341-36572,Glinz,Fall 2023,Fall,2023,NA,5,N,Least Sandpiper,67.6997245,228,NA,Migratory,-0.52,0.303122767,Y,-2.256136649,5,91.1,0.02,15
1341-36573,Glinz,Fall 2023,Fall,2023,NA,4,N,Least Sandpiper,67.6997245,228,NA,Migratory,-0.52,0.09517062,Y,NA,5,91.1,0.02,15
1341-36574,Glinz,Fall 2023,Fall,2023,NA,2,N,Least Sandpiper,67.6997245,228,NA,Migratory,-0.52,-0.128002794,Y,NA,5,91.1,0.02,15
SEPA2,Glinz,Fall 2023,Fall,2023,NA,4,NA,Semipalmated Sandpiper,67.6997245,228,NA,Migratory,-0.52,0.193386615,Y,NA,4.416666667,91.1,0.02,15
1341-36575,Glinz,Fall 2023,Fall,2023,NA,1,N,Least Sandpiper,67.6997245,229,NA,Migratory,-0.52,0.011601919,Y,-0.149004186,5.75,91.1,0.02,15
1341-36576,Glinz,Fall 2023,Fall,2023,NA,2,N,Semipalmated Sandpiper,67.6997245,229,NA,Migratory,-0.52,-0.05987905,Y,NA,5.916666667,91.1,0.02,15
1341-36577,Glinz,Fall 2023,Fall,2023,NA,0,N,Least Sandpiper,67.6997245,229,1137,Migratory,-0.52,-0.088079704,Y,-2.513509281,6.45,91.1,0.02,15
1341-36578,Glinz,Fall 2023,Fall,2023,NA,1,Y,Least Sandpiper,67.6997245,229,NA,Migratory,-0.52,0.055561482,Y,NA,7.5,91.1,0.02,15
1232-00591,Glinz,Fall 2023,Fall,2023,Adult,0,Y,Lesser Yellowlegs,67.6997245,232,1250,Migratory,-0.52,-0.188670284,Y,-1.116854601,17.75,91.1,0.02,15
1232-00592,Glinz,Fall 2023,Fall,2023,Juvenile,2,N,Lesser Yellowlegs,67.6997245,232,541,Migratory,-0.52,-0.085901517,Y,-0.71364324,17.75,91.1,0.02,15
1232-00593,Glinz,Fall 2023,Fall,2023,NA,0,N,Killdeer,67.6997245,233,76,Resident,-0.52,-0.025223042,Y,-0.58392423,20.08333333,91.1,0.02,15
1232-00594,Glinz,Fall 2023,Fall,2023,Juvenile,0,N,Lesser Yellowlegs,67.6997245,234,2207,Migratory,-0.52,-0.141650206,Y,-0.4590745,17.16666667,91.1,0.02,15
1232-00595,Glinz,Fall 2023,Fall,2023,Adult,3,N,Lesser Yellowlegs,67.6997245,234,1370,Migratory,-0.52,-0.199882696,Y,-0.413403983,18.33333333,91.1,0.02,15
1232-00596,Glinz,Fall 2023,Fall,2023,NA,1,N,Pectoral Sandpiper,67.6997245,235,1138,Migratory,-0.52,-0.275043291,Y,-0.224167875,16.91666667,91.1,0.02,15
2561-78401,Glinz,Fall 2023,Fall,2023,NA,2,N,Pectoral Sandpiper,67.6997245,235,863,Migratory,-0.52,-0.25176245,Y,0.283111966,20.16666667,91.1,0.02,15
1232-00597,Muske,Fall 2023,Fall,2023,NA,0,Y,Killdeer,48.2093664,236,346,Resident,0.5,0.069312443,Y,-0.628383117,20.58333333,80.2,0.03,14
1232-00598,Muske,Fall 2023,Fall,2023,Juvenile,0,N,Lesser Yellowlegs,48.2093664,238,1004,Migratory,0.5,-0.244551932,Y,0.822654003,18.83333333,80.2,0.03,14
1232-00599,Muske,Fall 2023,Fall,2023,Adult,4,Y,Lesser Yellowlegs,48.2093664,238,1128,Migratory,0.5,0.04568936,Y,0.781056635,20.5,80.2,0.03,14
1232-00600,Muske,Fall 2023,Fall,2023,Juvenile,3,N,Lesser Yellowlegs,48.2093664,239,1222,Migratory,0.5,-0.17066415,Y,0.43942776,17.75,80.2,0.03,14
1341-36579,Muske,Fall 2023,Fall,2023,NA,5,N,Semipalmated Sandpiper,48.2093664,239,1295,Migratory,0.5,0.103944087,Y,0.467178548,17.75,80.2,0.03,14
1341-36580,Muske,Fall 2023,Fall,2023,NA,2,N,Least Sandpiper,48.2093664,239,NA,Migratory,0.5,0.021110079,Y,-1.216815063,17.75,80.2,0.03,14
1412-94401,Muske,Fall 2023,Fall,2023,NA,0,N,Killdeer,48.2093664,239,500,Resident,0.5,-0.235857359,Y,-1.026782824,17.75,80.2,0.03,14
1412-94402,Muske,Fall 2023,Fall,2023,Juvenile,3,N,Lesser Yellowlegs,48.2093664,239,1799,Migratory,0.5,-0.060627239,Y,1.025736691,20.55,80.2,0.03,14
2561-78402,Muske,Fall 2023,Fall,2023,NA,4,N,Pectoral Sandpiper,48.2093664,239,1544,Migratory,0.5,0.136409161,Y,0.617771303,17.75,80.2,0.03,14
1341-36587,Muske,Fall 2023,Fall,2023,NA,6,Y,Least Sandpiper,48.2093664,241,NA,Migratory,0.5,0.391219666,Y,NA,12.36666667,80.2,0.03,14
1412-94403,Muske,Fall 2023,Fall,2023,Juvenile,3,N,Lesser Yellowlegs,48.2093664,241,2,Migratory,0.5,-0.105982745,Y,NA,6.583333333,80.2,0.03,14
1412-94404,Muske,Fall 2023,Fall,2023,Juvenile,2,N,Lesser Yellowlegs,48.2093664,241,953,Migratory,0.5,-0.1432367,Y,-0.327082352,6.583333333,80.2,0.03,14
1412-94405,Muske,Fall 2023,Fall,2023,Juvenile,5,Y,Lesser Yellowlegs,48.2093664,241,908,Migratory,0.5,0.157819407,Y,0.665507209,9.166666667,80.2,0.03,14
1412-94407,Muske,Fall 2023,Fall,2023,Juvenile,4,N,Lesser Yellowlegs,48.2093664,241,1292,Migratory,0.5,0.034496191,Y,0.443974037,10.66666667,80.2,0.03,14
1412-94408,Muske,Fall 2023,Fall,2023,Juvenile,5,N,Lesser Yellowlegs,48.2093664,241,1344,Migratory,0.5,0.19031244,Y,0.750236579,12.36666667,80.2,0.03,14
1412-94409,Muske,Fall 2023,Fall,2023,NA,0,N,Killdeer,48.2093664,241,NA,Resident,0.5,-0.156339279,Y,NA,12.36666667,80.2,0.03,14
